sample,target_px,effective_pixel_um,field_side_mm,field_area_mm2,pore_area_fraction,solid_area_fraction,pore_components,largest_pore_fraction,solid_components,largest_solid_fraction,beta0,beta1,euler,percolates_x,percolates_y,beta0_density_mm2,beta1_density_mm2,euler_density_mm2,interface_length_mm_per_mm2
R1,128,14.079999999999998,1.8022399999999998,3.2480690175999993,0.9117431640625,0.0882568359375,3,0.9993305663408756,124,0.2351313969571231,3,142,-139,1,1,0.9236256938335327,43.71828284145388,-42.79465714762034,8.257952603426848
R1,256,7.039999999999999,1.8022399999999998,3.2480690175999993,0.9072113037109375,0.0927886962890625,17,0.9973088890757716,236,0.19585594474592993,17,255,-238,1,1,5.233878931723352,78.50818397585027,-73.27430504412692,11.15582206032493
R1,512,3.5199999999999996,1.8022399999999998,3.2480690175999993,0.9058952331542969,0.09410476684570312,33,0.9975365827981892,361,0.22047914386476955,33,389,-356,1,1,10.15988263216886,119.76346496708139,-109.60358233491253,13.379617170854052
R1,1024,1.7599999999999998,1.8022399999999998,3.2480690175999993,0.9044160842895508,0.09558391571044922,71,0.9966098978329708,655,0.21780558133038003,71,717,-646,1,1,21.85914142072694,220.7465408262143,-198.88739940548734,15.709075060757725
R2,128,14.079999999999998,1.8022399999999998,3.2480690175999993,0.73321533203125,0.26678466796875,26,0.8574044784816449,64,0.49759780370624573,26,84,-58,1,1,8.004756013223949,25.861519427338912,-17.856763414114965,10.230324485085227
R2,256,7.039999999999999,1.8022399999999998,3.2480690175999993,0.7306976318359375,0.2693023681640625,43,0.8557437300311149,119,0.49079267947192473,43,135,-92,1,1,13.2386349449473,41.563156222508965,-28.324521277561665,12.785738164728338
R2,512,3.5199999999999996,1.8022399999999998,3.2480690175999993,0.729461669921875,0.270538330078125,67,0.8554365560808267,200,0.4887619853355894,67,222,-155,1,1,20.627640495615562,68.34830134368141,-47.720660848065855,14.80687748302113
R2,1024,1.7599999999999998,1.8022399999999998,3.2480690175999993,0.7287111282348633,0.2712888717651367,112,0.8549042086927389,389,0.48739924138828056,112,451,-339,1,1,34.48202590311855,138.85172930630773,-104.36970340318918,16.84047959067605
R3,128,14.079999999999998,1.8022399999999998,3.2480690175999993,0.465576171875,0.534423828125,15,0.5946512847404299,41,0.9825262677021471,15,43,-28,0,1,4.618128469167663,13.2386349449473,-8.620506475779637,5.509636618874289
R3,256,7.039999999999999,1.8022399999999998,3.2480690175999993,0.46514892578125,0.53485107421875,37,0.48435244718540876,81,0.9786888052036974,37,79,-42,0,1,11.391383557280236,24.32214327094969,-12.930759713669456,6.777589971368965
R3,512,3.5199999999999996,1.8022399999999998,3.2480690175999993,0.4648704528808594,0.5351295471191406,51,0.4836004365558045,117,0.9780155544941938,51,114,-63,0,1,15.701636795170055,35.097776365674235,-19.396139570504186,7.653236389160157
R3,1024,1.7599999999999998,1.8022399999999998,3.2480690175999993,0.4641914367675781,0.5358085632324219,68,0.4835045404117188,225,0.9772460290903395,68,233,-165,0,1,20.935515726893406,71.7349288877377,-50.799413160844296,8.587403730912643